i;p_spam;pred_label;text_label
1;0.015945805134103073;ham;ham
2;0.004506887946940244;ham;ham
3;0.01184895339390276;ham;ham
4;0.0016229585878920656;ham;ham
5;0.994404078723802;spam;spam
6;0.00011136508079386437;ham;ham
7;0.005609198483116593;ham;ham
8;0.008093520333325317;ham;ham
9;0.002486958398487787;ham;ham
10;0.026053901162307457;ham;ham
11;0.029127431094465563;ham;ham
12;0.0030345047801069833;ham;ham
13;0.9963936283142945;spam;spam
14;0.013978864252954424;ham;ham
15;0.01602750036589024;ham;ham
16;0.0038658006173431336;ham;ham
17;0.0021667465982285333;ham;ham
18;0.006857784429410866;ham;ham
19;0.9724264772304418;spam;spam
20;0.0005482408087855002;ham;ham
21;0.003905833241403447;ham;ham
22;0.0021463244389985045;ham;ham
23;0.04929416305094965;ham;ham
24;0.0015324385650802132;ham;ham
25;0.002130858695389606;ham;ham
26;0.004157042987504558;ham;ham
27;0.00019869768272818403;ham;ham
28;0.9773334634093421;spam;spam
29;0.9820821442323179;spam;spam
30;0.00634863159921816;ham;ham
31;0.33267095576326255;ham;ham
32;0.0033441272421707437;ham;ham
33;0.004681872330722569;ham;ham
34;0.0032262322197330324;ham;ham
35;0.0019416509117640233;ham;ham
36;0.023180528173785395;ham;ham
37;0.002606159232688042;ham;ham
38;0.1341902820437397;ham;ham
39;0.006173810563450386;ham;ham
40;0.002014367526541726;ham;ham
41;0.004062178842455146;ham;ham
42;0.29845043064123045;ham;ham
43;0.006756230589075482;ham;ham
44;0.4327670583236981;ham;ham
45;0.041195478641996;ham;ham
46;8.519921991794759e-05;ham;ham
47;0.1523182589528076;ham;ham
48;0.011326986652328865;ham;ham
49;0.00817163156656683;ham;ham
50;0.002898835573723737;ham;ham
51;0.016813915929675037;ham;ham
52;0.015502762664359272;ham;ham
53;0.002923332346208716;ham;ham
54;0.031058630584382678;ham;ham
55;0.003678978693524763;ham;ham
56;0.9585089428216232;spam;spam
57;0.006840325164543107;ham;ham
58;0.008836661210350835;ham;ham
59;0.0031886707270915066;ham;ham
60;0.022628917882092276;ham;ham
61;0.9874793023699293;spam;spam
62;0.006473070842521651;ham;ham
63;0.0003809309550050755;ham;ham
64;0.001077148124368297;ham;ham
65;0.00580536381127156;ham;ham
66;0.0036996270125840966;ham;ham
67;0.0018062847451093846;ham;ham
68;0.007365452257094858;ham;ham
69;0.7794693916359096;spam;spam
70;0.005438509293234752;ham;ham
71;0.018024185011729754;ham;ham
72;0.8592136600098745;spam;spam
73;0.03539940050531385;ham;ham
74;0.8284816171242106;spam;spam
75;0.0062734020344704855;ham;ham
76;0.002481537561252331;ham;ham
77;0.8820915993909326;spam;spam
78;0.007829019709442173;ham;ham
79;0.0022563057212048993;ham;ham
80;0.8858711940961942;spam;spam
81;0.0009610087815935831;ham;ham
82;0.03636493586452902;ham;ham
83;0.0027312926375451523;ham;ham
84;0.02345943003769124;ham;ham
85;0.023613778136142113;ham;ham
86;0.0023732528961763703;ham;ham
87;0.00688491461877759;ham;ham
88;0.014568019520888507;ham;ham
89;0.001165622055899376;ham;ham
90;0.0011501600281245868;ham;ham
91;0.003939751275436229;ham;ham
92;0.015019249191446505;ham;ham
93;0.11756792704770747;ham;ham
94;0.02657251249807813;ham;ham
95;0.0031838945297234917;ham;ham
96;0.026257890051978334;ham;ham
97;0.023401766779573303;ham;ham
98;0.02225946060568109;ham;ham
99;0.001135354503920332;ham;ham
100;0.0028185699010712024;ham;ham
101;0.213293338107528;ham;ham
102;0.00012982944219906635;ham;ham
103;0.006403188998688306;ham;ham
104;0.009039174338312807;ham;ham
105;0.6249813700829026;spam;spam
106;0.005999255603751047;ham;ham
107;0.02110102626970743;ham;ham
108;0.004795500509402747;ham;ham
109;0.03851231098571513;ham;ham
110;0.005114913463387132;ham;ham
111;0.0016364612993568794;ham;ham
112;0.002952826549020924;ham;ham
113;0.09695557637051366;ham;ham
114;0.00947320487113667;ham;ham
115;0.8420097734192561;spam;spam
116;0.04793919619903185;ham;ham
117;0.0160569696071881;ham;ham
118;0.9875243726952433;spam;spam
119;0.05604053894004783;ham;ham
120;0.05106505974475911;ham;ham
121;0.03057036451050461;ham;ham
122;0.003085858081713768;ham;ham
123;0.6578161369160139;spam;spam
124;0.0012529850474126913;ham;ham
125;0.008228131637304088;ham;ham
126;0.014990230888625479;ham;ham
127;0.0010111161678454648;ham;ham
128;0.0006420839395804045;ham;ham
129;0.007662255763387529;ham;ham
130;0.026470121071059824;ham;ham
131;0.003388368411432892;ham;ham
132;0.00453872485161002;ham;ham
133;0.0008263573325860275;ham;ham
134;0.0004803765477441994;ham;ham
135;0.0004447833501689187;ham;ham
136;0.0012503212494088284;ham;ham
137;0.02053900636084373;ham;ham
138;0.0024214849150709997;ham;ham
139;0.014879671625017883;ham;ham
140;0.9809397038721045;spam;spam
141;0.002539027822229746;ham;ham
142;0.0007530857922779975;ham;ham
143;0.004549383991020794;ham;ham
144;0.9932918107719947;spam;spam
145;0.0028781449373349957;ham;ham
146;0.0036227349121648053;ham;ham
147;0.0017667981296344594;ham;ham
148;0.004175469319305925;ham;ham
149;0.025498506034528075;ham;ham
150;0.5858948510907435;spam;spam
151;0.0035896118856828386;ham;ham
152;0.0021268929264528524;ham;ham
153;0.008583106763864375;ham;ham
154;0.0014940437104917067;ham;ham
155;0.001527130672409786;ham;ham
156;0.0011349952921604664;ham;ham
157;0.0024762438585567326;ham;ham
158;0.004267770379365303;ham;ham
159;0.022881053176086814;ham;ham
160;0.18126061785719377;ham;ham
161;0.016718176310767146;ham;ham
162;0.029664964390816354;ham;ham
163;0.0007197160767698298;ham;ham
164;0.009508022988875596;ham;ham
165;0.011531294155736825;ham;ham
166;0.0014897235132650024;ham;ham
167;0.9812206736057562;spam;spam
168;0.006873129153971239;ham;ham
169;0.0007788217559060968;ham;ham
170;0.06550539160944331;ham;ham
171;0.0012140748830549984;ham;ham
172;0.008202188949830358;ham;ham
173;0.0004702960718543546;ham;ham
174;0.002486958398487787;ham;ham
175;0.0008086008577613029;ham;ham
176;0.13460000000000008;ham;ham
177;0.0773300097790022;ham;ham
178;0.004707085948582856;ham;ham
179;0.007752770021488104;ham;ham
180;0.0030153479328412537;ham;ham
181;0.6301092830574477;spam;spam
182;0.0006608085961998339;ham;ham
183;0.0005557340959591626;ham;ham
184;0.0025744873000051235;ham;ham
185;0.003592875182096;ham;ham
186;0.09529179691208847;ham;ham
187;0.0011342561518655329;ham;ham
188;0.040041957729591064;ham;ham
189;0.04239547645908424;ham;ham
190;0.009367208900696665;ham;ham
191;0.027376970241415326;ham;ham
192;0.971813961670946;spam;spam
193;0.8402166773259915;spam;spam
194;0.0016594494448240343;ham;ham
195;0.002587220266831319;ham;ham
196;0.031373172394870155;ham;ham
197;0.00743951310739916;ham;ham
198;9.475501694516363e-05;ham;ham
199;0.913489341483906;spam;spam
200;0.0014528214005102818;ham;ham
201;0.003044394994879681;ham;ham
202;0.014613412489936525;ham;ham
203;0.8588078596605672;spam;spam
204;0.9809397038721045;spam;spam
205;0.12510612168022917;ham;ham
206;0.018821151042465963;ham;ham
207;0.001342885827939967;ham;ham
208;0.9369874934862806;spam;spam
209;0.0011938211378056643;ham;ham
210;0.0041201804304247126;ham;ham
211;0.008489104472708522;ham;ham
212;0.002316202939360101;ham;ham
213;0.033364518484696945;ham;ham
214;0.03293675274536872;ham;ham
215;0.05557304378640337;ham;ham
216;0.023417282686214836;ham;ham
217;0.5039874200072088;spam;spam
218;0.010929542626083068;ham;ham
219;0.0017256819417318377;ham;ham
220;0.0009867362827344207;ham;ham
221;0.09751017568150425;ham;ham
222;0.007092053498683546;ham;ham
223;0.014585209629131827;ham;ham
224;0.010647747891589489;ham;ham
225;0.00943908813146926;ham;ham
226;0.00604494853642001;ham;ham
227;0.009549980580698428;ham;ham
228;0.008467112139753642;ham;ham
229;0.0586210226411343;ham;ham
230;0.0222694429642456;ham;ham
231;0.9733772120535996;spam;spam
232;0.005086781769193458;ham;ham
233;0.01964741253740192;ham;ham
234;0.002741320806073726;ham;ham
235;0.8259121222996948;spam;spam
236;0.0020394814982601533;ham;ham
237;0.0017538861556692118;ham;ham
238;0.013573437889761524;ham;ham
239;0.022253754038695235;ham;ham
240;0.43183649323043205;ham;ham
241;0.005355678442079467;ham;ham
242;0.005680557891657102;ham;ham
243;0.005713192850537145;ham;ham
244;0.029375051822558333;ham;ham
245;0.010138236024650488;ham;ham
246;0.004534977884361304;ham;ham
247;0.005677103970688425;ham;ham
248;0.012069235475101973;ham;ham
249;0.005188559669988039;ham;ham
250;0.0062734020344704855;ham;ham
251;0.036530738163871264;ham;ham
252;0.004675781883330376;ham;ham
253;0.9940034029548845;spam;spam
254;0.0010497952380443259;ham;ham
255;0.0042873403036174694;ham;ham
256;0.004981235341056931;ham;ham
257;0.003568532111714562;ham;ham
258;0.010038051819434544;ham;ham
259;0.011151350859418728;ham;ham
260;0.0021374303969405456;ham;ham
261;0.022711566665010143;ham;ham
262;0.016013378978047003;ham;ham
263;0.0007638174046081795;ham;ham
264;0.013952393467041909;ham;ham
265;0.008543097940490416;ham;ham
266;0.0012743464970964005;ham;ham
267;0.0093572383072376;ham;ham
268;0.02856921577982391;ham;ham
269;0.0003201216535676038;ham;ham
270;0.00045702420862363746;ham;ham
271;0.028171382049466866;ham;ham
272;0.672247568770372;spam;spam
273;0.003593102879745026;ham;ham
274;0.002055598931674645;ham;ham
275;0.0017818441228886744;ham;ham
276;0.0007896353065229976;ham;ham
277;0.0027749028777355454;ham;ham
278;0.008153893854369208;ham;ham
279;0.00038552270478838907;ham;ham
280;0.0006499936742776252;ham;ham
281;0.9964007966390386;spam;spam
282;0.004885316298472292;ham;ham
283;0.0013913083865703317;ham;ham
284;0.0010719488572051774;ham;ham
285;0.021020659887767988;ham;ham
286;0.00607808371579058;ham;ham
287;0.011680102023071343;ham;ham
288;0.9802806830793902;spam;spam
289;0.010949866363243821;ham;ham
290;0.006183204937060705;ham;ham
291;0.008657156625055855;ham;ham
292;0.006182521107954074;ham;ham
293;0.004880032152910045;ham;ham
294;0.007649311289955197;ham;ham
295;0.993833631048758;spam;spam
296;0.018685101170882148;ham;ham
297;0.995529735492402;spam;spam
298;0.00156731269616205;ham;ham
299;0.011957076904395804;ham;ham
300;0.0013023780104177577;ham;ham
301;0.011643336218765973;ham;ham
302;0.010554457824089297;ham;ham
303;0.005002457753777469;ham;ham
304;0.0012931687740028962;ham;ham
305;0.009328580201008562;ham;ham
306;0.0004599908905477414;ham;ham
307;0.0013994641361338228;ham;ham
308;0.010913440099530856;ham;ham
309;0.005380428540806693;ham;ham
310;0.0023244283670348985;ham;ham
311;0.00013165043615764668;ham;ham
312;0.0067171179196994285;ham;ham
313;0.0021603710425151935;ham;ham
314;0.003593977192350681;ham;ham
315;0.0007135833969006477;ham;ham
316;0.004277613041630312;ham;ham
317;0.973391604386824;spam;spam
318;0.0796076144974299;ham;ham
319;0.007507099080115006;ham;ham
320;0.001830640633902694;ham;ham
321;0.0001837263902467887;ham;ham
322;0.15932398580516166;ham;ham
323;0.003136689276266243;ham;ham
324;0.0012608850926661486;ham;ham
325;0.002927973602816857;ham;ham
326;0.09273323406667344;ham;ham
327;0.014612306052282037;ham;ham
328;0.006476105108552027;ham;ham
329;0.006468247302437138;ham;ham
330;0.05294114267553827;ham;ham
331;0.005593410265150287;ham;ham
332;0.04658740895854068;ham;ham
333;0.017286672646594458;ham;ham
334;0.015508491425607156;ham;ham
335;0.012897672156249628;ham;ham
336;0.0039641053294708455;ham;ham
337;0.22513317719053288;ham;ham
338;0.0006766795413956597;ham;ham
339;0.0002642066193636076;ham;ham
340;0.0015386668201283432;ham;ham
341;0.006126005070936004;ham;ham
342;0.014050544962814668;ham;ham
343;0.012794615714469472;ham;ham
344;0.009797429881485228;ham;ham
345;0.9840495530315939;spam;spam
346;0.005220224099940518;ham;ham
347;0.008452483956472393;ham;ham
348;0.005203762740389171;ham;ham
349;0.0088933850014886;ham;ham
350;0.0014972016000392634;ham;ham
351;0.010453326673161047;ham;ham
352;0.009050045295393949;ham;ham
353;0.013244728968005505;ham;ham
354;0.007800189197890723;ham;ham
355;0.002236647581080066;ham;ham
356;0.004978174038049655;ham;ham
357;0.004360276300903867;ham;ham
358;0.018127783917902474;ham;ham
359;0.0026883913144510312;ham;ham
360;0.0065004301447267885;ham;ham
361;0.0040549866699521086;ham;ham
362;0.006493554746546886;ham;ham
363;0.04088369302251961;ham;ham
364;0.035435042038935494;ham;ham
365;0.00503663655090284;ham;ham
366;0.013106242174268753;ham;ham
367;0.5733969182164799;spam;spam
368;0.9428066978720278;spam;spam
369;0.7118440407158731;spam;spam
370;0.0041042619927777035;ham;ham
371;0.7040489809334979;spam;spam
372;0.0006738795562686081;ham;ham
373;0.014166099584639309;ham;ham
374;0.003574984150613341;ham;ham
375;0.0064124045181486134;ham;ham
376;0.003916257274774299;ham;ham
377;0.09161947885790633;ham;ham
378;0.004885327361566868;ham;ham
379;0.0033880503832616478;ham;ham
380;0.25990666211121644;ham;ham
381;0.9874297623644421;spam;spam
382;0.0121697499368371;ham;ham
383;0.017120799986018218;ham;ham
384;0.19314005076004784;ham;ham
385;0.00042805491605392714;ham;ham
386;0.004634941243129964;ham;ham
387;0.0023259510193920406;ham;ham
388;0.00311017786886704;ham;ham
389;0.02055121801158992;ham;ham
390;0.004661948177054709;ham;ham
391;0.003764403421733309;ham;ham
392;0.005801552696940767;ham;ham
393;0.029808010203330453;ham;ham
394;0.020406541531919786;ham;ham
395;0.005149037734437716;ham;ham
396;0.002433743479424123;ham;ham
397;0.010016129990559204;ham;ham
398;0.005068335564743502;ham;ham
399;0.07065388196623401;ham;ham
400;0.08209243675044448;ham;ham
401;0.0016943889252988454;ham;ham
402;0.022937432756204617;ham;ham
403;0.0004987050372909493;ham;ham
404;0.006202730482544028;ham;ham
405;0.00014971277281154195;ham;ham
406;0.014207312987952374;ham;ham
407;0.0009279972153126496;ham;ham
408;0.004605769867430049;ham;ham
409;0.007616983605078466;ham;ham
410;0.0003324042948933002;ham;ham
411;0.015438635366924662;ham;ham
412;0.006962429325276107;ham;ham
413;0.0012729790924067895;ham;ham
414;0.0018124116945417586;ham;ham
415;0.029642820220320647;ham;ham
416;0.01566514057033839;ham;ham
417;0.18601716652661185;ham;ham
418;0.002739603346041764;ham;ham
419;0.01587428451268566;ham;ham
420;0.017262511334643436;ham;ham
421;0.0010982984164425817;ham;ham
422;0.0011757368224494834;ham;ham
423;0.012250355461764822;ham;ham
424;0.027041837562854467;ham;ham
425;0.036766285343542614;ham;ham
426;0.0016594494448240343;ham;ham
427;0.001119438376200172;ham;ham
428;0.011797992747208141;ham;ham
429;0.00838317669202716;ham;ham
430;0.08743414917012547;ham;ham
431;0.030321426799693605;ham;ham
432;0.0022009821655400103;ham;ham
433;0.001282588931141034;ham;ham
434;0.02459850226034417;ham;ham
435;0.01878765568978189;ham;ham
436;0.005159705898007575;ham;ham
437;0.010773484908141596;ham;ham
438;0.010433945758124834;ham;ham
439;0.0403902282262403;ham;ham
440;0.05231595551794869;ham;ham
441;0.021435689694149815;ham;ham
442;0.008969579051882606;ham;ham
443;0.03737310092450591;ham;ham
444;0.005411543695735998;ham;ham
445;0.0003893006433002012;ham;ham
446;0.6833760159536084;spam;spam
447;0.006086527783206868;ham;ham
448;0.001953802349775369;ham;ham
449;0.0009350365587162372;ham;ham
450;0.012385349359062483;ham;ham
451;0.0009245724370624369;ham;ham
452;0.08294851004293571;ham;ham
453;0.10347851897333199;ham;ham
454;0.0028014850986040098;ham;ham
455;0.03124774945834928;ham;ham
456;0.14936457484450533;ham;ham
457;0.004789956074625054;ham;ham
458;0.006231725893039215;ham;ham
459;0.353637190512646;ham;ham
460;0.05950967967676466;ham;ham
461;0.0016594494448240343;ham;ham
462;0.00037373741435378177;ham;ham
463;0.8898199555533143;spam;spam
464;0.00017250997259943637;ham;ham
465;0.7432950418358438;spam;spam
466;0.0638204668116154;ham;ham
467;0.03203089251729692;ham;ham
468;0.00471257123454821;ham;ham
469;0.6427972561096974;spam;spam
470;0.5858948510907435;spam;spam
471;0.9190470956082497;spam;spam
472;0.001963137300055574;ham;ham
473;0.06514931360534734;ham;ham
474;0.01762771804978869;ham;ham
475;0.0006133257527919279;ham;ham
476;0.0020441730651269362;ham;ham
477;0.006129029356630064;ham;ham
478;0.12256345184909476;ham;ham
479;0.0040762208939124165;ham;ham
480;0.010228545964885571;ham;ham
481;0.0015985197616073896;ham;ham
482;0.0038486737168490093;ham;ham
483;0.020732727736942416;ham;ham
484;0.008171436437027592;ham;ham
485;0.9906143293761821;spam;spam
486;0.008397084376266774;ham;ham
487;0.004391328466924464;ham;ham
488;0.0020311876431408837;ham;ham
489;0.06760247488632855;ham;ham
490;0.6910837243195034;spam;spam
491;0.006494673778361207;ham;ham
492;0.017663227474545466;ham;ham
493;0.006494673778361207;ham;ham
494;0.0014201617228839266;ham;ham
495;0.11622108793788356;ham;ham
496;0.0032979260308772396;ham;ham
497;9.474381162132246e-05;ham;ham
498;0.0001390136814352034;ham;ham
499;0.007651836292261091;ham;ham
500;0.9417847401923812;spam;spam
501;0.001707227026655697;ham;ham
502;0.023296804917874323;ham;ham
503;0.0011459484844983266;ham;ham
504;0.984900198773084;spam;spam
505;0.04673194952162214;ham;ham
506;0.015203749197787874;ham;ham
507;0.0032911600711219495;ham;ham
508;0.0003674572233908389;ham;ham
509;0.009186558699237924;ham;ham
510;0.021310497060666195;ham;ham
511;0.005120669382394936;ham;ham
512;0.0016592182916452033;ham;ham
513;0.025252649979799726;ham;ham
514;0.018060729087135977;ham;ham
515;0.011022644840738031;ham;ham
516;0.0003816988841398796;ham;ham
517;0.0018207021244333712;ham;ham
518;0.00025782385248756027;ham;ham
519;0.0027611208607438605;ham;ham
520;0.004151417792600136;ham;ham
521;0.0011673146099251044;ham;ham
522;0.0038033987519873777;ham;ham
523;0.005475225537697225;ham;ham
524;0.03245596673328976;ham;ham
525;0.012476496071214434;ham;ham
526;0.03211613265098041;ham;ham
527;0.9788648137210711;spam;spam
528;0.0024481233252750694;ham;ham
529;0.9808961158560491;spam;spam
530;0.021283385644837633;ham;ham
531;0.028426652702345165;ham;ham
532;0.002507410986671125;ham;ham
533;0.0004632132593227385;ham;ham
534;0.013017093187063447;ham;ham
535;0.010026077029419196;ham;ham
536;0.006641451451809683;ham;ham
537;0.011151788930094409;ham;ham
538;0.002316202939360101;ham;ham
539;0.0022863977915189727;ham;ham
540;0.5540137682168192;spam;spam
541;0.0006380293184926296;ham;ham
542;0.0243749767066021;ham;ham
543;0.124599185114261;ham;ham
544;0.005533259867926315;ham;ham
545;0.03792190725015546;ham;ham
546;0.011490808879101613;ham;ham
547;0.001122816979820307;ham;ham
548;0.007854323659089371;ham;ham
549;0.05001545960260352;ham;ham
550;0.8614138825564793;spam;spam
551;0.00936098226644238;ham;ham
552;0.007504149215643498;ham;ham
553;0.0011153134815090598;ham;ham
554;0.00280630105523108;ham;ham
555;0.010789507274367345;ham;ham
556;0.0796076144974299;ham;ham
557;0.005497216149635908;ham;ham
558;0.0007794556309062378;ham;ham
559;0.0047280467754994655;ham;ham
560;0.00019026732761661015;ham;ham
561;0.0016594494448240343;ham;ham
562;0.002681408250755428;ham;ham
563;0.0019610231224673137;ham;ham
564;0.003927197939767259;ham;ham
565;0.0026030480455886793;ham;ham
566;0.0031410897446773134;ham;ham
567;0.0027231372757708034;ham;ham
568;0.021058871885592814;ham;ham
569;0.40604450367321376;ham;ham
570;0.9247926019877964;spam;spam
571;0.007141301184192271;ham;ham
572;0.0047097621163633965;ham;ham
573;0.0015411495766936942;ham;ham
574;0.02493478211692852;ham;ham
